Rank,Title,Year,Rating,Genres,Director,Casts,Budget,Gross Worldwide
1,The Shawshank Redemption,1994,9.3,Drama,Frank Darabont,"Tim Robbins, Morgan Freeman, Bob Gunton, William Sadler, Clancy Brown, Gil Bellows, Mark Rolston, James Whitmore, Jeffrey DeMunn, Larry Brandenburg, Neil Giuntoli, Brian Libby, David Proval, Joseph Ragno, Jude Ciccolella, Paul McCrane, Renee Blaine, Scott Mann, John Horton, Gordon Greene, Alfonso Freeman, Vincent Foster, John E. Summers, Frank Medrano, Mack Miles, Alan R. Kessler, Morgan Lund, Cornell Wallace, Gary Lee Davis, Neil Summers, Ned Bellamy, Joe Pecoraro, Harold E. Cope Jr., Brian Delate, Don McManus, Donald Zinn, Dorothy Silver, Robert Haley, Dana Snyder, John D. Craig, Ken Magee, Eugene C. DePasquale, Bill Bolender, Ron Newell, John R. Woodward, Chuck Brauchler, Dion Anderson, Claire Slemmer, James Kisicki, Rohn Thomas, Charlie Kearns, Rob Reider, Brian Brophy, Paul Kennedy, James Babson, Dennis Baker, Fred Culbertson, Richard Doone, Samantha Goldberg, Shane Grove, Rita Hayworth, David Hecht, Alonzo F. Jones, Gary Jones, Sergio Kato, Michael Lightsey, Tracy Love, George Macready, Christopher Page, Neil Riddaway, Brad Spencer, Jodiviah Stepp, Mark A. Strain",N/A,N/A
2,The Godfather,1972,9.2,"Crime, Drama",Francis Ford Coppola,"Marlon Brando, Al Pacino, James Caan, Richard S. Castellano, Robert Duvall, Sterling Hayden, John Marley, Richard Conte, Al Lettieri, Diane Keaton, Abe Vigoda, Talia Shire, Gianni Russo, John Cazale, Rudy Bond, Al Martino, Morgana King, Lenny Montana, John Martino, Salvatore Corsitto, Richard Bright, Alex Rocco, Tony Giorgio, Vito Scotti, Tere Livrano, Victor Rendina, Jeannie Linero, Julie Gregg, Ardell Sheridan, Simonetta Stefanelli, Angelo Infanti, Corrado Gaipa, Franco Citti, Saro Urzì, Frank Albanese, Chris Anastasio, Norm Bacchiocchi, John Blower, Max Brandt, Tybee Brascia, Garrett Cassell, Carmine Coppola, Gian-Carlo Coppola, Italia Coppola, Roman Coppola, Sofia Coppola, Don Costello, Robert Dahdah, Richard Fass, Gray Frederickson, Ron Gilbert, Anthony Gounaris, Joe Lo Grippo, Sonny Grosso, Louis Guss, Bobra Harris, Mickey Humm, Merril E. Joels, Randy Jurgensen, Tony King, Paul Lambert, Peter Lemongello, Tony Lip, Lou Martini Jr., Raymond Martino, Joseph Medaglia, Carol Morley, Dave Moskin, Rick Petrucelli, Joe Petrullo, Burt Richards, Sal Richards, Chuck Riley, Tom Rosqui, Giacomo Rossi Stuart, Nino Ruggeri, Frank Sivero, Filomena Spagnuolo, Joe Spinell, Gabriele Torrei, Palombizio Anthony V., Nick Vallelonga, Ed Vantura, Ron Veto, Matthew Vlahakis, Conrad Yama",N/A,N/A
3,The Dark Knight,2008,9.0,"Action, Crime, Drama, Thriller",Christopher Nolan,"Christian Bale, Heath Ledger, Aaron Eckhart, Michael Caine, Maggie Gyllenhaal, Gary Oldman, Morgan Freeman, Monique Gabriela Curnen, Ron Dean, Cillian Murphy, Chin Han, Nestor Carbonell, Eric Roberts, Ritchie Coster, Anthony Michael Hall, Keith Szarabajka, Colin McFarlane, Joshua Harto, Melinda McGraw, Nathan Gamble, Michael Vieau, Michael Stoyanov, William Smillie, Danny Goldring, Michael Jai White, Matthew O'Neill, William Fichtner, Olumiji Olawumi, Greg Beam, Erik Hellman, Beatrice Rosen, Vincenzo Nicoli, Edison Chen, Nydia Rodriguez Terracina, Andy Luther, James Farruggio, Tom McElroy, Will Zahrn, James Fierro, Patrick Leahy, Sam Derence, Jennifer Knox, Patrick Clear, Sarah Jayne Dunn, Charles Venn, Winston Ellis, David Dastmalchian, Sophia Hinshelwood, Keith Kupferer, Joe Caballero, Richard Dillane, Daryl Satcher, Chris Petschler, Aidan Feore, Philip Bulcock, Paul Birchard, Walter Lewis, Vincent Riotta, Nancy Crane, K. Todd Freeman, Matt Shallenberger, Michael Andrew Gorman, Lanny Lutz, Peter DeFaria, Matt Rippy, Andrew Bicknell, Ariyon Bakare, Doug Ballard, Helene Maksoud, Tommy Campbell, Craig Heaney, Sutara Gayle, Lisa McAllister, Peter Brooke, Joshua Rollins, Dale Rivera, Matthew Leitch, Tom Lister Jr., Thomas Gaitsch, William Armstrong, Adam Kalesperis, Tristan Tait, Bronson Webb, David Ajala, Gertrude Mosley, Jonathan Ryland, James Pax, Nigel Carrington, Ian Pirie, Lateef Lovejoy, Grahame Edwards, Roger Monk, Ronan Summers, Wai Wong, Michael Corey Foster, Hannah Gunn, Brandon Lambdin, Jeff Albertson, Tracy L. Aldaz, Matthew W. Allen, Stephen Armourae, Alisa Azpeitia, Mike Bach, Wayne Baker, Martin Ballantyne, Tommy Bartlett, Paul Bateman, Blayne Bennett, Christian Black, Craig Braginsky, Jon Lee Brody, Douglas Bunn, Debbi Burns, Luke Burnyeat, Maritza Cabrera, Shirin Caiola, Fabrice Calmels, David Chadwick, Josh Chapman, Laura Chernicky, Jamie Cho, Matt Cho, Henry Milton Chu, Kelli Clevenger, Janaah Coates, David Cosey, Francisco Crespo, Rachel Daugherty, Bruce Allen Dawson, Danielle Day, Richard Divizio, Tony Domino, Jessica Doyle, Laine Edwards, R. Michael Egan, David William James Elliott, Dan Evashevski, Gene Fojtik, Reese Foster, Jason Frederick, Jason Fuller, Darren Fulsher, David Fultz, Scott Ganyo, Marisol Giraud, Tim Glanfield, Dan Gossen, Lisa Greene, Sharlene Grover, Natalie Hallam, Thomas Hartmann, Chris Hastings, Alexander Hathaway, Jordon Hodges, Kevin Hope, John Hoving, Sean Hynes, Bill Ibrahim, T.G. Jamroz, Charles Jarman, Erron Jay, Daniel Jefferson, Ramses Jimenez, Will Jones, Bob Kaliebe, Nicky Katt, Mark Keiser, Charlie Kierscht, Thomas Kosik, Don Kress, Ryan Kross, Tim Krueger, Michael Kuster, Dan Latham, Joseph Lazicki, Donovan Leitch Jr., David Lesley, Ivan Lovegren, Deborah Lynn, Noelle Lynn, Jonathan Macchi, Al Marchesi, J.R. Martino, Joseph Mazurk, Tom McComas, Krista McEnany, Ryan McGonagle, James Mellor, Denise Meyer Kennell, David J. Nadolski, Joseph Nelson, Joseph Oliveira, Sal Ozbay, Christopher Pastenes, Libby Pedersen, Greg Peterson, Ernest Pierce, Kevin Pitcairn, Rory Plante, Pek Pongpaet, Charles Query, Marc Radz, Buster Reeves, Sara Ritz, Peter Rnic, Gary Ryder, Kelly Saindon, Elisa Schleef, Greg Schweiner, Jan Seybold, Amit Shah, Vivek Shah, Michael Sherwin, Michelle Shields, Tina Simmons, Kit Sinnett, Sofiya Smirnova, John Snowden, Lorea Solabarrieta, Dwight Sora, Bruce Spielbauer, January Stern, Robert Patrick Stern, Jordan Stone, Robert Stone, Richard Strobel, Albert Tang, Jim Templar, Chris D. Thomas, John Thurner, Tinnie Tong, Tom Townsend, Chuen Tsou, John Turk, James Warfield, John Warman, Joel Wasserman, Mike Whyte, Chris Wilson, Lisa Wolf, Debi Wollitzer, Essa Zahir, Kevin Zaideman",N/A,N/A
4,The Godfather Part II,1974,9.0,"Crime, Drama",Francis Ford Coppola,"Al Pacino, Robert Duvall, Diane Keaton, Robert De Niro, John Cazale, Talia Shire, Lee Strasberg, Michael V. Gazzo, G.D. Spradlin, Richard Bright, Gastone Moschin, Tom Rosqui, Bruno Kirby, Frank Sivero, Francesca De Sapio, Morgana King, Marianna Hill, Leopoldo Trieste, Dominic Chianese, Amerigo Tot, Troy Donahue, John Aprea, Joe Spinell, Abe Vigoda, Tere Livrano, Gianni Russo, Maria Carta, Oreste Baldini, Giuseppe Sillato, Mario Cotone, James Gounaris, Fay Spain, Harry Dean Stanton, James Murdock, Carmine Caridi, Danny Aiello, Carmine Foresta, Nick Discenza, Joseph Medaglia, William Bowers, Joseph Della Sorte, Carmen Argenziano, Joe Lo Grippo, Ezio Flagello, Livio Giorgi, Kathleen Beller, Saveria Mazzola, Tito Alba, Johnny Naranjo, Elda Maida, Salvatore Po, Ignazio Pappalardo, Andrea Maugeri, Peter LaCorte, Vincent Coppola, Peter Donat, Tom Dahlgren, Paul B. Brown, Phil Feldman, Roger Corman, Ivonne Coll, Joe De Nicola, Edward Van Sickle, Gabriella Belloni, Richard Watson, Venancia Grangerard, Erica Yohn, Teresa Tirelli, Margaret Bacon, Al Beaudine, Jack Berle, John Blower, James Caan, Larry Carr, Dick Cherney, Jack Clinton, Italia Coppola, Roman Coppola, Sofia Coppola, Victor Pujols Faneyte, Len Felber, Irma Gimbernard, Julie Gregg, Raven Grey Eagle, Larry Guardino, Dan Harris, George Holmes, Buck Houghton, Shep Houghton, Karyn Jansen, Kathryn Janssen, Ken Koc, Shô Kosugi, Gary Kurtz, Tommy Lasorda, Alan Lee, Laura Lyons, Alan Marston, Richard Matheson, John Megna, Joe Pine, Felipe Polanco, Jay Rasumny, Harrison Ressler, Al Roberts, Rhea Ruggiero, Carmelo Russo, George Simmons, Filomena Spagnuolo, Nico Stevens, Arthur Tovey, Palombizio Anthony V., Julian Voloshin, Wally West, Judith Woodbury",N/A,N/A
5,12 Angry Men,1957,9.0,"Crime, Drama",Sidney Lumet,"Martin Balsam, John Fiedler, Lee J. Cobb, E.G. Marshall, Jack Klugman, Edward Binns, Jack Warden, Henry Fonda, Joseph Sweeney, Ed Begley, George Voskovec, Robert Webber, Rudy Bond, Tom Gorman, James Kelly, Billy Nelson, John Savoca, Walter Stocker",N/A,N/A
6,The Lord of the Rings: The Return of the King,2003,9.0,"Action, Adventure, Drama, Fantasy",Peter Jackson,"Noel Appleby, Ali Astin, Sean Astin, David Aston, John Bach, Sean Bean, Cate Blanchett, Orlando Bloom, Billy Boyd, Sadwyn Brophy, Alistair Browning, Marton Csokas, Richard Edge, Jason Fitch, Bernard Hill, Ian Holm, Bruce Hopkins, Ian Hughes, Lawrence Makoare, Ian McKellen, Bret McKenzie, Sarah McLeod, Maisy McLeod-Riera, Dominic Monaghan, Viggo Mortensen, John Noble, Paul Norell, Miranda Otto, Bruce Phillips, Shane Rangi, John Rhys-Davies, Todd Rippon, Thomas Robins, Andy Serkis, Harry Sinclair, Peter Tait, Joel Tobeck, Liv Tyler, Karl Urban, Stephen Ure, Hugo Weaving, David Wenham, Elijah Wood, Alan Howard, Sala Baker, Robert Pollock, Ross Duncan, Pete Smith, Jed Brophy, Lee Hartley, Billy Jackson, Katherine Jackson, Brad Dourif, Phil Grieve, Michael Harrison, Christopher Lee, Bruce Spence, Jane Abbott, Gino Acevedo, Narelle Ahrens, Geoff Allen, Frazer Anderson, Daniel Andrews, Maria Arnott, Ben Barrington, Aidan Bell, James Bennett, Jarl Benzon, Jørn Benzon, Bob Blackwell, Dorothy Anne Bonner, Ben Britton, Ian Brodie, Luke Burnyeat, Alix Bushnell, Eddie Campbell, Clint Carleton, Carey Carter, Robert Catto, Alessio Cavatore, Richard Chapman, Elizabeth Crummett, Mana Hira Davis, Emma Deakin, Peter Dillon, Meredith Dooley, Aron Eastwood, Greg Ellis, Michael Elsworth, Clint Elvy, Mark Ferguson, Simon Ferry, Siaosi Fonua, Rowan Fordham, Michael Fowler, Ben Fransham, Brian Gibb, Andy Gunn, Craig Hall, Felicity Hamill, Winham Hammond, June Hancock, Jonathan Harding, Zo Hartley, Fraser Hesketh, Anna Hewlett, Jason Hood, Brian Hotter, Davey Hughes, Peter Jackson, Dee Jamieson, Ralph Johnson, Tim Kano, Sam Kelly, Ron Kerkmeester, Kevin Keys, Liz Kirkman, Sandro Kopp, Andrew Lesnie, Bernie Lord, Isaac D Lucas, Beth Malcolm, Jono Manks, Alan Marsh, Kirk Maxwell, Steve McCleary, Charlie McDermott, Brent McIntyre, Paul McLaughlin, Iain Middleton, Joseph Mika-Hunt, Des Morgan, Henry Mortensen, Francis Mountjoy, Craig Parker, Alan Perry, Michael Perry, Wayne Phillips, Craig Poll, Rick Porras, Daniel Rathbon, Deborah Eve Rea, Christian Rivers, Campbell Rousselle, Chris Ryan, Michael Semanick, Howard Shore, Shaneel Sidal, Dianne Smith, Andrew Stehlin, Ken Stratton, Mikel Taylor, Richard Taylor, Melvin Te Wani, Robbie Titchener, Royd Tolkien, Walter Walsh, Irene Wood, Robert Young",N/A,N/A
7,Schindler's List,1993,9.0,"Biography, Drama, History",Steven Spielberg,"Liam Neeson, Ben Kingsley, Ralph Fiennes, Caroline Goodall, Jonathan Sagall, Embeth Davidtz, Malgorzata Gebel, Shmuel Levy, Mark Ivanir, Béatrice Macola, Andrzej Seweryn, Friedrich von Thun, Krzysztof Luft, Harry Nehring, Norbert Weisser, Adi Nitzan, Michael Schneider, Miri Fabian, Anna Mucha, Albert Misak, Michael Gordon, Aldona Grochal, Jacek Wójcicki, Beata Paluch, Piotr Polk, Ezra Dagan, Beata Deskur, Rami Heuberger, Leopold Kozlowski, Jerzy Nowak, Uri Avrahami, Adam Siemion, Magdalena Dandourian, Pawel Delag, Shabtai Konorti, Oliwia Dabrowska, Henryk Bista, Tadeusz Bradecki, Wojciech Klata, Elina Löwensohn, Ewa Kolasinska, Bettina Kupfer, Grzegorz Kwas, Vili Matula, Stanislaw Koczanowicz, Hans-Jörg Assmann, Geno Lechner, August Schmölzer, Ludger Pistor, Beata Rybotycka, Branko Lustig, Artus Maria Matthiessen, Hans-Michael Rehberg, Eugeniusz Priwieziencew, Michael Z. Hoffmann, Erwin Leder, Jochen Nickel, Andrzej Welminski, Daniel Del-Ponte, Marian Glinka, Grzegorz Damiecki, Stanislaw Brejdygant, Olaf Lubaszenko, Haymon Maria Buttinger, Peter Appiano, Jacek Pulanecki, Tomasz Dedek, Slawomir Holland, Martin Semmelrogge, Tadeusz Huk, Alexander Held, Piotr Cyrwus, Joachim Paul Assböck, Osman Ragheb, Maciej Orlos, Marek Wrona, Zbigniew Kozlowski, Marcin Grzymowicz, Dieter Witting, Magdalena Komornicka, Agnieszka Krukówna, Anemona Knut, Jeremy Flynn, Agnieszka Wagner, Jan Jurewicz, Wieslaw Komasa, Maciej Kozlowski, Martin Bergmann, Wilhelm Manske, Peter Flechtner, Sigurd Bemme, Etl Szyc, Lucyna Zabawa, Ruth Farhi, Jerzy Sagan, Dariusz Szymaniak, Dirk Bender, Maciej Winkler, Radoslaw Krzyzowski, Jacek Lenczowski, Hanna Kossowska, Maja Ostaszewska, Sebastian Skalski, Ryszard Radwanski, Piotr Kadlcik, Lech Niebielski, Thomas Morris, Sebastian Konrad, Lidia Wyrobiec-Bank, Ravit Ferera, Agnieszka Korzeniowska, Dominika Bednarczyk, Alicja Kubaszewska, Danny Marcu, Hans Rosner, Edward Linde-Lubaszenko, Alexander Strobele, Georges Kern, Alexander Buczolich, Michael Schiller, Götz Otto, Wolfgang Seidenberg, Hubert Kramar, Razia Israeli, Dorit Seadia, Esti Yerushalmi, Joseph Bau, Marta Bizon, Lara Cody, Blythe Daniel, Janek Dresner, Shannon Frank, Ryszard Horowitz, Maciej Kowalewski, Kamil Krawiec, Zuzanna Lipiec, Johnny Martin, Maria Peszek, Leopold Pfefferberg, Paul Rausmussen, Helen Rosner, Leopold Rosner, Emilie Schindler, Katarzyna Smiechowicz, Ben Talar, Katarzyna Tlalka, Harrison White",N/A,N/A
8,Pulp Fiction,1994,8.9,"Crime, Drama",Quentin Tarantino,"Tim Roth, Amanda Plummer, Laura Lovelace, John Travolta, Samuel L. Jackson, Phil LaMarr, Frank Whaley, Burr Steers, Bruce Willis, Ving Rhames, Paul Calderon, Bronagh Gallagher, Rosanna Arquette, Eric Stoltz, Uma Thurman, Jerome Patrick Hoban, Michael Gilden, Gary Shorelle, Susan Griffiths, Eric Clark, Joseph Pilato, Brad Blumenthal, Steve Buscemi, Lorelei Leslie, Emil Sitka, Brenda Hillhouse, Christopher Walken, Chandler Lindauer, Sy Sher, Robert Ruth, Rich Turner, Angela Jones, Don Blakely, Carl Allen, Maria de Medeiros, Karen Maruyama, Kathy Griffin, Venessia Valentino, Linda Kaye, Duane Whitaker, Peter Greene, Stephen Hibbert, Alexis Arquette, Quentin Tarantino, Harvey Keitel, Julia Sweeney, Lawrence Bender, Cie Allman, Rene Beard, Brent Hatley, Rhys Kirkman, Pui Fan Lee, Justin Mullins, Lori Pizzo, Glendon Rich, Devan Richardson, Richard Rossi, Ani Sava, Devin Schumacher",N/A,N/A
9,The Lord of the Rings: The Fellowship of the Ring,2001,8.9,"Action, Adventure, Drama, Fantasy",Peter Jackson,"Alan Howard, Noel Appleby, Sean Astin, Sala Baker, Sean Bean, Billy Boyd, Andy Serkis, Marton Csokas, Viggo Mortensen, Orlando Bloom, Megan Edwards, Michael Elsworth, Cate Blanchett, Mark Ferguson, Ian Holm, Christopher Lee, Lawrence Makoare, Brent McIntyre, Ian McKellen, Peter McKenzie, Sarah McLeod, Dominic Monaghan, Ian Mune, Craig Parker, Cameron Rhodes, John Rhys-Davies, Martyn Sanderson, Brian Sergent, Harry Sinclair, Liv Tyler, David Weatherley, Hugo Weaving, Elijah Wood, Victoria Beynon-Cole, Lee Hartley, Sam La Hood, Chris Streeter, Jonathan Jordan, Semi Kuresa, William Johnson, Clinton Ulyatt, Paul Bryson, Elizabeth Moody, Lance Fabian Kemp, Jono Manks, Ben Price, Phil Grieve, Billy Jackson, Katherine Jackson, Peter Corrigan, Lori Dungey, Norman Forsey, Thomas McGinty, Kate O'Rourke, Gino Acevedo, Betty Adams, Frazer Anderson, Daniel Andrews, Matt Appleton, Rodney Bane, Timothy Bartlett, Jarl Benzon, Jørn Benzon, Lynden Berryman, Bob Blackwell, Ben Britton, Jed Brophy, Riley Brophy, Sean Button, Ryan Carey, Justin B. Carter, Norman Cates, Rachel Clentworth, Randall William Cook, Sabine Crossen, Tack Daniel, Peter Daube, Mana Hira Davis, Shane Dawson, Branko Dordevich, Siaosi Fonua, Kester Fordham, Xander Forterie, Ben Fransham, Matthew Gibbons, Phoebe Gittins, Warren Green, Andy Gunn, Winham Hammond, Jonathan Harding, Zo Hartley, Taea Hartwell, Jeff Hawkes, Ray Henwood, Dave Houma, John Howe, Lani Jackson, Peter Jackson, Gareth Jensen, Ralph Johnson, Stu Johnson, Tim Kano, Sam Kelly, Jeff Kingsford-Brown, Greg Lane, Alan Lee, Sacha Lee, Bernie Lord, Peter Lyon, Marta Martí, Sharon Maxwell, Richard Maybery, Bret McKenzie, Tim McLachlan, Nathan Meister, Liz Merton, Arnold Montey, James Morcan, Dean Morganty, Greg 'Danger' Morrison, Blair Morton, Andrew Munro, David J. Muzzerall, Timothy Patrick, Nooroa Poa, Christy Qulliam, Shane Rangi, Chris Reid, Ken Reinsfield, Steve Reinsfield, Larry Rew, Grant Roa, Thomas Robins, Vincent Roxburgh, Chris Ryan, Devin Schumacher, Paul Shapcott, Sam Shore, Bruce Sinclair, Mike Stearne, Andrew Stehlin, Rebecca Stone, Ken Stratton, Jo Surgison, Kate Surgison, Billy 'Roy' Taylor, Melvin Te Wani, Marcus Thorne, John Turner, James Waterhouse-Brown, Josh Widdicombe, Tim Wong, Brendan Young, Robert Young, Saeed Zamiri",N/A,N/A
10,"The Good, the Bad and the Ugly",1966,8.8,"Adventure, Drama, Western",Sergio Leone,"Eli Wallach, Clint Eastwood, Lee Van Cleef, Aldo Giuffrè, Luigi Pistilli, Rada Rassimov, Enzo Petito, Claudio Scarchilli, John Bartha, Livio Lorenzon, Antonio Casale, Sandro Scarchilli, Benito Stefanelli, Angelo Novi, Antonio Casas, Aldo Sambrell, Al Mulock, Sergio Mendizábal, Antonio Molino Rojo, Lorenzo Robledo, Mario Brega, Richard Alagich, Chelo Alonso, Fortunato Arena, Román Ariznavarreta, Silvana Bacci, Joseph Bradley, Frank Braña, Amerigo Castrighella, Saturno Cerra, Luigi Ciavarro, William Conroy, Antonio Contreras, Domingo Contreras, Axel Darna, Antonio Decembrino, Tony Di Mitri, Gianni Di Segni, Alberigo Donadeo, Attilio Dottesio, Peter Fernandez, Luis Fernández de Eribe, Veriano Ginesi, Jesús Guzmán, Víctor Israel, Antonio Montoya, Nazzareno Natale, Ricardo Palacios, Antonio Palombi, Julio Martínez Piernavieja, Jesús Porras, Romano Puppo, Antoñito Ruiz, Aysanoa Runachagua, Enrique Santiago, José Terrón, Franco Tocci, Alfonso Veady",N/A,N/A
11,Forrest Gump,1994,8.8,"Drama, Romance",Robert Zemeckis,"Tom Hanks, Rebecca Williams, Sally Field, Michael Conner Humphreys, Harold G. Herthum, George Kelly, Bob Penny, John Randall, Sam Anderson, Margo Moorer, Ione M. Telech, Christine Seabrook, John Worsham, Peter Dobson, Siobhan Fallon Hogan, Alexander Zemeckis, Logan Livingston Gomez, Ben Waddel, Elizabeth Hanks, Hanna Hall, Tyler Long, Christopher Jones, Grady Bowman, Kevin Mangan, Fay Genens, Frank Geyer, Robin Wright, Rob Landry, Jason McGuire, Pete Auster, Sonny Shroyer, Brett Rice, Ed Davis, Daniel C. Striepeke, Bruce Lucvia, David Brisbin, Kirk Ward, Angela Lomas, Timothy Record, Deborah McTeer, Mark Matheisen, Al Harrington, Jed Gillin, Bob Harks, Don Fischer, Kenneth Bevington, Michael Flannery, Gary Robinson, Mykelti Williamson, Marlena Smalls, Kitty K. Green, Afemo Omilami, Matt Wallace, Danté McCarthy, Paulie DiCocco, Mike Jolly, Michael Kemmerling, John Voldstad, Jeffrey Winner, Russ Wilson, Daniel J. Gillooly, Gary Sinise, Calvin Gadsden, Aaron Izbicki, Michael Burgess, Steven Griffith, Bill Roberson, Michael McFall, Eric Underwood, Steve DeRelian, Byron Minns, Stephen Bridgewater, Bonnie Ann Burgess, Scott Oliver, John William Galt, Hilary Chaplain, Isabel Rose, Jay Ross, Richard D'Alessandro, Dick Stilwell, Kevin Davis, Michael Jace, Geoffrey Blake, Tim Perry, Vanessa Roth, Emily Carey, Paul Raczkowski, Valentine, Dick Cavett, Joe Stefanelli, Tiffany Salerno, Marla Sucharetza, Aloysius Gigl, Jack Bowden, Joe Alaskey, Lazarus Jackson, W. Benson Terry, Matt Rebenkoff, Peter Bannon, The Hallelujah Singers of Beaufort South Carolina, Joe Washington, Nora Dunfee, Natalie Hendrix Tate, Hallie D'Amore, Chiffonye Cobb, Juan Singleton, Bobby Richardson, Michael Mattison, Lenny Herb, Charles Boswell, Timothy McNeil, Haley Joel Osment, Lonnie Hamilton, Teresa Denton, Joe Abby, Rob Adams, Todd Adamson, Markus Alexander, Neil Armstrong, Beth Aylward, Marcus Batton, Keri-Anne Bilotta, Jim Boeke, Arthur Bremer, Grand L. Bush, Clint Calvert, Daniel Chamblin, Troy Christian, Dick Clark, John Connally, Darren W. Conrad, Jim Damron, Ryan Duncan, James Ent, Gerald Ford, Michael Garvey, Leigh Goodoff, Christopher James Hall, Bryan Hanna, Ellsworth Hanna, Jeanne Hanna, Zach Hanner, John Glenn Harding, Bob Hope, Jenny Inge, Russ Isles, Lyndon B. Johnson, Shann Johnson, Jim Keller, John F. Kennedy, Robert F. Kennedy, Conor Kennelly, Aaron Michael Lacey, Teddy Lane Jr., John Lennon, Andrew Lepper, Beau Lotterman, Jacqueline Lovell, Richard Nixon, Darrell O'Cook, Michael Oliver, Shawn Michael Perry, Elvis Presley, Ronald Reagan, Mark A. Rich, Kurt Russell, Michael Satterfield, William Shipman, John Simmit, Robb Skyler, John-Michael Steele, Mary Ellen Trainor, USC Trojan Marching Band, George Wallace, Eric Alan Wendell, Zhuang Zedong",N/A,N/A
12,The Lord of the Rings: The Two Towers,2002,8.8,"Action, Adventure, Drama, Fantasy",Peter Jackson,"Bruce Allpress, Sean Astin, John Bach, Sala Baker, Cate Blanchett, Orlando Bloom, Billy Boyd, Jed Brophy, Sam Comery, Brad Dourif, Calum Gittins, Bernard Hill, Bruce Hopkins, Paris Howe Strewe, Christopher Lee, Nathaniel Lees, John Leigh, Robbie Magasiva, Robyn Malcolm, Ian McKellen, Dominic Monaghan, Viggo Mortensen, Miranda Otto, Craig Parker, Bruce Phillips, Robert Pollock, John Rhys-Davies, Andy Serkis, Olivia Tennet, Ray Trickitt, Liv Tyler, Karl Urban, Stephen Ure, Hugo Weaving, David Wenham, Elijah Wood, Victoria Beynon-Cole, Lee Hartley, Phil Grieve, Billy Jackson, Katherine Jackson, Sean Bean, Timothy Lee, John Noble, Phillip Spencer-Harris, Richard Alexander, Geoff Allen, Frazer Anderson, Daniel Andrews, Ben Barrington, Julian Bartram, Grant Beban, James Bennett, Jarl Benzon, Jørn Benzon, Owen Black, Colin Bleasdale, Dorothy Anne Bonner, Ben Britton, Riley Brophy, Alistair Browning, Alix Bushnell, Sean Button, Ryan Carey, Clint Carleton, Carey Carter, Erin Cassie, Robert Catto, Rodney Cook, Kelly Corbishley, Tack Daniel, Augie Davis, Mana Hira Davis, Shane Dawson, Karlos Drinkwater, Aron Eastwood, Frank Edwards, Lucy Edwards, Greg Ellis, Clint Elvy, Alexia Fairbrother, Daniel Falconer, Claire Farrelly, David Gatward Ferguson, Siaosi Fonua, Kester Fordham, Michael Fowler, Ben Fransham, Frank Goldingham, Andy Gunn, Winham Hammond, June Hancock, Jonathan Harding, Michael Harrison, Lucas Hayward, Dan Hennah, Liz Hewson, Paul Holmes, Jason Hood, Davey Hughes, Lani Jackson, Peter Jackson, Gareth Jensen, Ralph Johnson, Are Manea Karati, Sam Kelly, Ron Kerkmeester, Richard Knowles, Sandro Kopp, Sam La Hood, Greg Lane, Don Langridge, Jaime Lawrence, Michael Lawrence, Alan Lee, Cameron Lemon, Lance Louez, Jono Manks, Anne McCaffery, Brent McIntyre, Dra McKay, Joseph Mika-Hunt, Arnold Montey, Dean Morganty, Henry Mortensen, Francis Mountjoy, Paul Norell, James Ordish, Barrie M. Osborne, Wayne Phillips, Nooroa Poa, Allan Poppleton, Shane Rangi, Gareth Reeves, Miranda Rivers, Campbell Rousselle, Matthew J. Saville, Jeremy Sciascia, Tony Shaw, Sam Shore, Shaneel Sidal, Allan Smith, Dianne Smith, Rebecca Stone, Ken Stratton, Melvin Te Wani, Sarah Thomas, Marcus Thorne, Robbie Titchener, Greg Tozer, John Turner, Piripi Waretini, Julian Wilson, Tim Wong, Hannah Wood, John Wraight, Kelley Kerr Young, Robert Young",N/A,N/A
13,Fight Club,1999,8.8,Drama,David Fincher,"Edward Norton, Brad Pitt, Meat Loaf, Zach Grenier, Richmond Arquette, David Andrews, George Maguire, Eugenie Bondurant, Christina Cabot, Helena Bonham Carter, Sydney 'Big Dawg' Colston, Rachel Singer, Christie Cronenweth, Tim DeZarn, Ezra Buzzington, Dierdre Downing-Jackson, Bob Stephenson, Charlie Dell, Rob Lanza, David Lee Smith, Holt McCallany, Joel Bissonnette, Eion Bailey, Evan Mirand, Robby Robinson, Lou Beatty Jr., Thom Gossom Jr., Valerie Bickford, Jared Leto, Peter Iacangelo, Carl Ciarfalio, Stuart Blumberg, Todd Peirce, Mark Fite, Matt Winston, Joon Kim, Bennie Moore, Lauren Sanchez, Pat McNamara, Tyrone R. Livingston, Owen Masterson, David Jean Thomas, Paul Carafotes, Christopher John Fields, Anderson Bourell, Scotch Ellis Loring, Michael Shamus Wiles, Andi Carnick, Edward Kowalczyk, Leonard Termo, Van Quattro, Markus Redmond, Michael Girardin, Michael Arturo, Jeffrey J. Ayers, Greg Bronson, Marc Cinquanta, Matt Cinquanta, Tommy Dallace, Paul Dillon, Tom Falzone, Julian Flynn, Eddie Hargitay, Phil Hawn, Bruce Holman, Tyler Jackson, Donald R. Jankiewicz, Pat Jankiewicz, Jawara, Baron Jay, Jim Jenkins, Spencer Kayden, Ryan Locke, Kevin Scott Mack, Neal MacMillan, Summer Moore, Trey Ore, Louis Ortiz, Hugh Peddy, J.T. Pontino, Chad Randau, Justin Reed, Waide Aaron Riddle, Marcio Rosario, Gregory Silva, Steve Sobel, Alekxia Valdez, Michael Zagst, Gökhan Öncel",N/A,N/A
14,Inception,2010,8.8,"Action, Adventure, Sci-Fi, Thriller",Christopher Nolan,"Leonardo DiCaprio, Joseph Gordon-Levitt, Elliot Page, Tom Hardy, Ken Watanabe, Dileep Rao, Cillian Murphy, Tom Berenger, Marion Cotillard, Pete Postlethwaite, Michael Caine, Lukas Haas, Tai-Li Lee, Claire Geare, Magnus Nolan, Taylor Geare, Johnathan Geare, Tohoru Masamune, Yuji Okumoto, Earl Cameron, Ryan Hayward, Miranda Nolan, Russ Fega, Tim Kelleher, Talulah Riley, Nicolas Clerc, Coralie Dedykere, Silvie Laguna, Virgile Bramly, Jean-Michel Dagory, Helena Cullinan, Mark Fleischmann, Shelley Lang, Adam Cole, Jack Murray, Kraig Thornber, Angela Nathenson, Natasha Beaumont, Marc Raducci, Carl Gilliard, Jill Maddrell, Alex Lombard, Nicole Pulliam, Peter Basham, Michael Gaston, Felix Scott, Andrew Pleavin, Lisa Reynolds, Jason Tendell, Jack Gilroy, Shannon Welles, Michael August, Ken Bhan, Salmaan Bokhari, Marvin Campbell, John Ceallach, Gregg Christie, Garvin Cross, James Currie, Youlanda Davis, Julie Eagleton, Seve Esposito, Marcus Everett, Zachary Christopher Fay, Daniel Girondeaud, Natalie Goldwin, Allan Hale, Andrew Hoagland, Guy Iannacone, Marguerite Gioia Insolia, Charles Jarrell, Seong-hwan Jo, Alonzo F. Jones, Spencer Kayden, Mobin Khan, Mike Knox, Shunsaku Kudô, Leticia LaBelle, John Lawson, Jean-Christophe Leger, Arnold Montey, François-Marie Nivon, Scott Pretty, Norman Saleet, Colin Smith, Affan Tareen, Matt Vogel",N/A,N/A
15,Star Wars: Episode V - The Empire Strikes Back,1980,8.7,"Action, Adventure, Fantasy, Sci-Fi",Irvin Kershner,"Mark Hamill, Harrison Ford, Carrie Fisher, Billy Dee Williams, Anthony Daniels, David Prowse, Peter Mayhew, Kenny Baker, Frank Oz, Alec Guinness, Jeremy Bulloch, John Hollis, Jack Purvis, Des Webb, Clive Revill, Kenneth Colley, Julian Glover, Michael Sheard, Michael Culver, John Dicks, Milton Johns, Mark Jones, Oliver Maguire, Robin Scobey, Bruce Boa, Christopher Malcolm, Denis Lawson, Richard Oldfield, John Morton, Ian Liston, John Ratzenberger, Jack McKenzie, Jerry Harte, Norman Chancer, Norwich Duff, Ray Hassett, Brigitte Kahn, Burnell Tucker, Tony Allen, Bob Anderson, Alan Austen, Elaine Baker, Richard Bonehill, Stephen Buchanan, Chris Bunn, Mercedes Burleigh, Jane Busby, Maurice Bush, Trevor Butterfield, Alister Cameron, John Cannon, Mark Capri, Tony Clarkin, Les Conrad, Shirley Conrad, Shaun Curry, Martin Dew, Peter Diamond, Jim Dowdall, Ian Durrant, Marjorie Eaton, Mike Edmonds, Tom Egeland, Harrison Ellenshaw, Stephanie English, Stuart Fell, Tom Flood, Alan Flyng, Michael A. Frandy, Patrick Ginter, Leroy Golding, Anthony Guilding, Nelson Hall, Alan Harris, Walter Henry, Kit Hillier, Mike Houston, Susie Hudson, Colin Hunt, Paul Jerricho, Joe Johnston, James Earl Jones, Arve Juritzen, Paul Klein, Michael Leader, Ian McDiarmid, Mac McDonald, Ralph McQuarrie, Steve Meek, Christopher Miller, John Morgridge, Temuera Morrison, Ralph G. Morse, Cathy Munroe, Terence Mustoo, C. Andrew Nelson, Michael Pangrazio, Chris Parsons, Quentin Pierre, Mike Reynell, Terry Richards, Doug Robinson, Peter Ross-Murray, Deep Roy, Peter Roy, Terry Sach, Egbert Sen, Richard Sidoli, Colin Skeaping, Tony Smart, Bernard Steen, David Stone, Alan Swaden, Keith Swaden, Marolyn Turk, Jim Veilleux, Malcolm Weaver, Harold Weed, Treat Williams, Jason Wingreen, Sheb Wooley",N/A,N/A
16,The Matrix,1999,8.7,"Action, Sci-Fi","Lana Wachowski, Lilly Wachowski","Keanu Reeves, Laurence Fishburne, Carrie-Anne Moss, Hugo Weaving, Gloria Foster, Joe Pantoliano, Marcus Chong, Julian Arahanga, Matt Doran, Belinda McClory, Anthony Ray Parker, Paul Goddard, Robert Taylor, David Aston, Marc Aden Gray, Ada Nicodemou, Deni Gordon, Rowan Witt, Eleanor Witt, Tamara Brown, Janaya Pender, Adryn White, Natalie Tjen, Bill Young, David O'Connor, Jeremy Ball, Fiona Johnson, Harry Lawrence, Steve Dodd, Luke Quinton, Lawrence Woodward, Michael Butcher, Bernard Ledger, Robert Simper, Chris Pattinson, Nigel Harbach, Mike Duncan, Nash Edgerton, Rana Morrison, Steve Rutherford, Cody Zacharias",N/A,N/A
17,Goodfellas,1990,8.7,"Biography, Crime, Drama",Martin Scorsese,"Robert De Niro, Ray Liotta, Joe Pesci, Lorraine Bracco, Paul Sorvino, Frank Sivero, Tony Darrow, Mike Starr, Frank Vincent, Chuck Low, Frank DiLeo, Henny Youngman, Gina Mastrogiacomo, Catherine Scorsese, Charles Scorsese, Suzanne Shepherd, Debi Mazar, Margo Winkler, Welker White, Jerry Vale, Julie Garfield, Christopher Serrone, Elaine Kagan, Beau Starr, Kevin Corrigan, Michael Imperioli, Robbie Vinton, Johnny Williams, Daniel P. Conte, Tony Conforti, Frank Pellegrino, Ronald Maccone, Tony Sirico, Joseph D'Onofrio, Steve Forleo, Richard Dioguardi, Frank Adonis, John Manca, Joseph Bono, Katherine Wallach, Mark Jacobs, Angela Pietropinto, Marianne Leone, Marie Michaels, LoNardo, Melissa Prophet, Illeana Douglas, Susan Varon, Elizabeth Whitcraft, Clem Caserta, Samuel L. Jackson, Fran McGee, Paul Herman, Edward McDonald, Edward Hayes, Daniela Barbosa, Gina Mattia, Joel Calendrillo, Anthony Valentin, Edward D. Murphy, Michael Citriniti, Peter Hock, Erasmus C. Alfano, John Di Benedetto, Manny Alfaro, Thomas Lowry, Margaret Smith, Richard Mullally, Frank Albanese, Paul McIsaac, Bob Golub, Louis Eppolito, Tony Lip, Mikey Black, Peter Cicale, Anthony Powers, Vincent Pastore, Anthony Alessandro, Victor Colicchio, Mike Contessa, Philip Suriano, Paul Mougey, Norman Barbera, Anthony Polemeni, James Quattrochi, Lawrence Sacco, Dino Laudicina, Thomas E. Camuti, Andrew Scudiero, Irving Welzer, Jesse Kirtzman, Russell Halley, Spencer Bradley, Bob Altman, Joanna Bennett, Gayle Lewis, Gaetano Lisi, Luke Walter, Ed Deacy, Larry Silvestri, John 'Cha Cha' Ciarcia, Vito Picone, Janis Corsair, Frank Aquilino, Lisa D'Apolito, Michael Calandrino, Vito Antuofermo, Vito Balsamo, Peter Fain, Vincent Gallo, Gaetano LoGiudice, Garry Pastore, Nicole Burdette, Stella Keitel, Dominique DeVito, Michaelangelo Graziano, Paula Kcira, Nadine Kay, Tony Ellis, Peter Onorati, Jamie De Roy, Joel Blake, H. Clay Dear, Thomas Hewson, Gene Canfield, Margaux Guerard, Violet Gaynor, Tobin Bell, Berlinda Tolbert, Nancy Cassaro, Adam Wandt, Joe Gioco, Isiah Whitlock Jr., Alyson Jones, Ruby Gaynor, Bo Dietl, Steve Baker, Lisa Bostnar, Kevin Brophy, Anthony Caso, Frank Cassini, Joe Chiaramonte, Doug Ferony, Frank Ferruccio, George Gerard, Matthew T. Gitkin, Richard Goteri, Debbee Hinchcliffe, Diane Kimbrell, Anibal O. Lleras, Joseph Minnella, Michael Morano, John Moschitta Sr., Joe Napoleone, Joseph Oliveira, Charles Pendelton, Louis Perez, Jeffrey Rollins, Colette Savage, Randy Schein, Robert Sedona, Jill Senter, Barry Squitieri, Drew Stanley, Frank Stellato, Billy L. Sullivan, Nick Vallelonga",N/A,N/A
18,One Flew Over the Cuckoo's Nest,1975,8.7,Drama,Milos Forman,"Michael Berryman, Peter Brocco, Dean R. Brooks, Alonzo Brown, Scatman Crothers, Mwako Cumbuka, Danny DeVito, William Duell, Josip Elic, Lan Fendors, Louise Fletcher, Nathan George, Ken Kenny, Mel Lambert, Sydney Lassick, Kay Lee, Christopher Lloyd, Dwight Marfield, Ted Markland, Louisa Moritz, Jack Nicholson, William Redfield, Philip Roth, Will Sampson, Mimi Sarkisian, Vincent Schiavelli, Mews Small, Delos V. Smith Jr., Tin Welch, Brad Dourif, Aurore Clément, Mary Costa, Bill Gratton, Anjelica Huston, Ingeborg Kjeldsen, Audrey Landers, Tom McCall, Prasanna K. Pati, James V. Shore, Saul Zaentz",N/A,N/A
19,Interstellar,2014,8.7,"Adventure, Drama, Sci-Fi",Christopher Nolan,"Ellen Burstyn, Matthew McConaughey, Mackenzie Foy, John Lithgow, Timothée Chalamet, David Oyelowo, Collette Wolfe, Francis X. McCarthy, Bill Irwin, Anne Hathaway, Andrew Borba, Wes Bentley, William Devane, Michael Caine, David Gyasi, Josh Stewart, Casey Affleck, Leah Cairns, Jessica Chastain, Liam Dickinson, Topher Grace, Matt Damon, Flora Nolan, Griffen Fraser, Jeff Hephner, Lena Georgas, Elyes Gabel, Brooke Smith, Russ Fega, William Patrick Brown, Cici Leah Campbell, Belle Doyle, Mark Casimir Dyniewicz Jr., Troy Fyhn, Benjamin Hardy, Alexander Michael Helisek, Ryan Irving, Alexander Lu, Derek McEntire, Joseph Oliveira, Benjamin Pitz, Marlon Sanders, Bryan Stamp, Kristian Van der Heyden, Kevan Weber",N/A,N/A
20,Seven,1995,8.6,"Crime, Drama, Mystery, Thriller",David Fincher,"Morgan Freeman, Andrew Kevin Walker, Daniel Zacapa, Brad Pitt, Gwyneth Paltrow, John Cassini, Bob Mack, Peter Crombie, Reg E. Cathey, R. Lee Ermey, George Christy, Endre Hules, Hawthorne James, William Davidson, Bob Collins, Jimmy Dale Hartsell, Richard Roundtree, Charline Su, Dominique Jennings, Allan Kolman, Beverly Burke, Gene Borkan, Julie Araskog, Mario Di Donato, Alfonso Freeman, John C. McGinley, Harrison White, Bob Stephenson, Michael Reid MacKay, Kevin Spacey, Richard Portnow, Tudor Sherrard, Mark Boone Junior, Pamala Tyson, Lennie Loftin, Sarah Reinhardt, Emily Wagner, Martin Serene, Michael Massee, David Correia, Ron Blair, Jennifer Mueller, Leland Orser, Lexie Bigham, Evan Mirand, Paul Eckstein, Harris Savides, Rachel Flanagan, Heidi Schanz, Brian Evers, Shannon Wilcox, Richard Schiff, James Deeth, John Santin, Charles A. Tamburro, Richmond Arquette, Duffy Gaver, Charles S. Dutton, Gregory Fennell, Tyler Jackson, Mike Knox, Pui Fan Lee, Arthur Max, Gorja Max, Patricia Pinto",N/A,N/A
21,It's a Wonderful Life,1946,8.6,"Drama, Family, Fantasy, Romance",Frank Capra,"James Stewart, Donna Reed, Lionel Barrymore, Thomas Mitchell, Henry Travers, Beulah Bondi, Frank Faylen, Ward Bond, Gloria Grahame, H.B. Warner, Frank Albertson, Todd Karns, Samuel S. Hinds, Mary Treen, Virginia Patton, Charles Williams, Sarah Edwards, William Edmunds, Lillian Randolph, Argentina Brunetti, Robert J. Anderson, Ronnie Ralph, Jean Gale, Jeanine Ann Roose, Danny Mummert, Georgie Nokes, Sheldon Leonard, Frank Hagney, Ray Walker, Charles Lane, Edward Keane, Carol Coombs, Karolyn Grimes, Larry Simms, Jimmy Hawkins, Jean Acker, Ernie Adams, Monya Andre, Stanley Andrews, Sam Ash, Jack Bailey, Louise Bates, Mary Bayless, Beth Belden, Brooks Benedict, Joseph E. Bernard, Willie Bloom, Dolores Boucher, Al Bridge, Buz Buckley, Marian Carr, Adriana Caselotti, Lane Chandler, Michael Chapin, Tom Chatterton, Jack Cheatham, Harry Cheshire, Beulah Christian, Edward Clark, Tom Coleman, Ellen Corby, Jimmy the Crow, Bryn Davis, Lew Davis, Marion Raymond Davis, Marilyn Dialon, Helen Dickson, Dick Elliott, Harry Evans, Tom Fadden, Frank Fenton, Eddie Fetherston, Sam Flint, Bess Flowers, Dick Gordon, Jack Gordon, Herschel Graham, Joseph Granby, Robert Haines, Charles Halton, Jean Harrison, Herbert Heywood, Harry Holman, Art Howard, Bert Howard, Arthur Stuart Hull, John Indrisano, Eddie Kane, Carl Kent, Milton Kibbee, Charlott Knight, Effie Laird, Mike Lally, Harold Landon, Meade 'Lux' Lewis, Max Linder, Jack Lomas, J. Farrell MacDonald, Irene Mack, Wilbur Mack, Charles Meakin, Priscilla Montgomery, Bert Moorhouse, Evelyn Moriarty, Philip Morris, Jack Mower, George Noisom, Anton Northpole, Bob O'Connor, Frank O'Connor, Lynn O'Leary-Jameson, Moroni Olsen, Garry Owen, Netta Packer, Franklin Parker, Beulah Parkington, Suzanne Ridgway, Constantine Romanoff, Edith Russell, Loretta Russell, Cy Schindell, Bobby Scott, Almira Sessions, Mabel Smaney, Cedric Stevens, Brick Sullivan, Charles Sullivan, Carl 'Alfalfa' Switzer, Victor Travis, Max Wagner, Larry Wheat, Charles C. Wilson",N/A,N/A
22,Seven Samurai,1954,8.6,"Action, Drama",Akira Kurosawa,"Toshirô Mifune, Takashi Shimura, Keiko Tsushima, Yukiko Shimazaki, Kamatari Fujiwara, Daisuke Katô, Isao Kimura, Minoru Chiaki, Seiji Miyaguchi, Yoshio Kosugi, Bokuzen Hidari, Yoshio Inaba, Yoshio Tsuchiya, Kokuten Kôdô, Eijirô Tôno, Kichijirô Ueda, Jun Tatara, Atsushi Watanabe, Toranosuke Ogawa, Isao Yamagata, Sôjin Kamiyama, Gen Shimizu, Keiji Sakakida, Shinpei Takagi, Shin Ôtomo, Toshio Takahara, Hiroshi Sugi, Hiroshi Hayashi, Sachio Sakai, Sôkichi Maki, Ichirô Chiba, Noriko Sengoku, Noriko Honma, Masanobu Ôkubo, Etsuo Saijô, Minoru Itô, Haruya Sakamoto, Gorô Sakurai, Hideo Shibuya, Kiyoshi Kamoda, Senkichi Ômura, Takashi Narita, Shôichi Hirose, Kôji Uno, Masaaki Tachibana, Kamayuki Tsubono, Taiji Naka, Chindanji Miyagawa, Shigemi Sunagawa, Akira Tani, Akio Kusama, Ryûtarô Amami, Jun Mikami, Haruo Nakajima, Sanpei Mine, Masahide Matsushita, Kaneo Ikeda, Takuzô Kumagai, Ippei Kawagoe, Jirô Suzukawa, Junpei Natsuki, Kyôichi Kamiyama, Haruo Suzuki, Gorô Amano, Akira Kitchôji, Kôji Iwamoto, Hiroshi Akitsu, Akira Yamada, Kazuo Imai, Eisuke Nakanishi, Toku Ihara, Hideo Ôtsuka, Tokio Ôkawa, Yasuhisa Tsutsumi, Yasumasa Ônishi, Tsuneo Katagiri, Megeru Shimoda, Masayoshi Kawabe, Shigeo Katô, Yoshikazu Kawamata, Takeshi Seki, Haruko Toyama, Tsuruko Mano, Matsue Ono, Tsurue Ichimanji, Masako Ôshiro, Kyôko Ozawa, Michiko Kadono, Toshiko Nakano, Shizuko Azuma, Keiko Mori, Michiko Kawabe, Yûko Togawa, Yayoko Kitano, Misao Suyama, Toriko Takahara, Kazuo Hinata, Takeshi Katô, Tatsuya Nakadai, Ken Utsui, Ren Yamamoto",N/A,N/A
23,The Silence of the Lambs,1991,8.6,"Crime, Drama, Thriller",Jonathan Demme,"Jodie Foster, Anthony Hopkins, Scott Glenn, Ted Levine, Anthony Heald, Brooke Smith, Diane Baker, Kasi Lemmons, Charles Napier, Tracey Walter, Roger Corman, Ron Vawter, Danny Darst, Jeffrie Lane, Frankie Faison, Paul Lazar, Dan Butler, Chris Isaak, Lawrence A. Bonney, Lawrence T. Wrentz, Don Brockett, Frank Seals Jr., Stuart Rudin, Maria Skorobogatov, Leib Lensky, George 'Red' Schwartz, Jim Roche, James B. Howard, Bill Miller, Chuck Aber, Gene Borkan, Pat McNamara, Kenneth Utt, Darla, Adelle Lutz, Obba Babatundé, George Michael, Jim Dratfield, D. Stanton Miranda, Rebecca Saxon, Cynthia Ettinger, Brent Hinkley, Steve Wyatt, Alex Coleman, David Early, Andre B. Blake, Bill Dalzell, Daniel von Bargen, Tommy Lafitte, Josh Broder, Buzz Kilman, Harry Northup, Lauren Roselli, Lamont Arnold, Kate Castle, Robert W. Castle, Gary Goetzman, John Hall, John W. Iwanonkiw, Lynnette Jenkins, Chris McGinn, Jason Menz, Ted Monte, James Ogilvie, George A. Romero, Edward Saxon, Mike Schaeffer, Ted Tally, Jiggs Walker",N/A,N/A
24,Saving Private Ryan,1998,8.6,"Drama, War",Steven Spielberg,"Tom Hanks, Tom Sizemore, Edward Burns, Barry Pepper, Adam Goldberg, Vin Diesel, Giovanni Ribisi, Jeremy Davies, Matt Damon, Ted Danson, Paul Giamatti, Dennis Farina, Joerg Stadler, Max Martini, Dylan Bruno, Daniel Cerqueira, Demetri Goritsas, Ian Porter, Gary Sefton, Julian Spencer, Steve Griffin, William Marsh, Marc Cass, Markus Napier, Neil Finnighan, Peter Miles, Paul Garcia, Seamus McQuade, Ronald Longridge, Adam Shaw, Rolf Saxon, Corey Johnson, Loclann Aiken, John Barnett, Maclean Burke, Victor Burke, Aiden Condron, Shashi Rami, Shane Hagan, Paul Hickey, Shane Johnson, Laird Macintosh, Brian Maynard, Martin McDougall, Mark Phillips, Lee Aaron Rosen, Andrew Scott, Matthew Sharp, Vincent Walsh, Grahame Wood, John Sharian, Glenn Wrage, Crofton Hardester, Martin Hub, Raffaello Degruttola, Nigel Whitmey, Sam Ellis, Erich Redman, Tilo Keiner, Stephan Grothgar, Stephane Cornicard, Michelle Evans, Martin Beaton, Anna Maguire, Nathan Fillion, Leland Orser, Michael Mantas, David Vegh, Ryan Hurst, Nick Brooks, Sam Scudder, John Walters, Dorothy Grumbar, James Innes-Smith, Harve Presnell, Dale Dye, Bryan Cranston, David Wohl, Eric Loren, Valerie Colgan, Amanda Boxer, Harrison Young, Kathleen Byron, Rob Freeman, Thomas Gizbert, Sebastian J. Brook, John de Lancie, James Embree, Declan Geraghty, Chris Hastings, Frank Huseyin, Michael P. Jahoda, Alan Joyce, Derek Lea, Martin Maloney, João Costa Menezes, Taylor Murphy, Abbe Muschallik, Nina Muschallik, Paul Sacks, Mac Steinmeier, Leo Stransky, Vincent Ventresca, Paul Woodadge",N/A,N/A
25,City of God,2002,8.6,"Crime, Drama","Fernando Meirelles, Kátia Lund","Alexandre Rodrigues, Leandro Firmino, Phellipe Haagensen, Douglas Silva, Jonathan Haagensen, Matheus Nachtergaele, Seu Jorge, Jefechander Suplino, Alice Braga, Emerson Gomes, Edson Oliveira, Michel Gomes, Roberta Rodrigues, Luis Otávio, Kiko Marques, Gustavo Engrácia, Darlan Cunha, Robson Rocha, Thiago Martins, Leandra Miranda, Graziella Moretto, Renato de Souza, Karina Falcão, Sabrina Rosa, Rubens Sabino, Marcos 'Kikito' Junqueira, Edson Montenegro, Gero Camilo, Felipe Paulino, Daniel Zettel, Charles Paraventi, Luiz Carlos Ribeiro Seixas, Paulo 'Jacaré' César, Dani Ornellas, Bernardo Santos, Diego Batista, Diego Ferreira, Marcio Vinicios, Micael Borges, Rafael de Castro, Ramon Francisco, Thiago Wallace, Alexander Cerqueira, Alexandre 'China' Tavares, André Pires Martins, António Rodrigues, Bartolomeu Braga, Carlos Henrique Avernas, Cláudio César, Cleiton Ventura, Damião Firmino, Euclides Garcia, Fábio Castor Conceição, Felipe Nogueira, Ivan Martins, John Lima, Jonas Michel, Leandro Lucas, Leandro Dias Batista, Lúcio Andrey, Luis Carlos Rodrigues Oliveira, Luís Nascimento, Marcello Melo Jr., Márcio Costa, Mário Luiz Costa Oliveira, Nelson Amaral, Omar 'Mazinho' Barcelos, Otto Amorim, Peter Soares, Rafael de Souza, Roberto Miguez, Rómulo 'Guinomo' Sech, Ruy Vitório, Sérgio Bispo, Alex dos Santos, Anderson Bruno Marques, Anderson Lugão, André Luiz Mendes, Antoni Guedes, Bruno Ricardo, Charles Samuel, Éder Júlio Martins, Eduardo 'BR' Piranha, Erick Oliveira, Fábio 'Dog' da Cunha, Felipe Villela Mendonça, Frederico Lins, Guilherme Estevam, Guilherme William, Harlem Teixeira, Leandro Gonçalves, Leandro Lima, Leiz Moreira, Leonardo Melo, Luis Carlos Oliveira, Marcelo Melo, Marcello 'Máscara' Alves, Wallace Araújo, Wallace Nascimento, Wanderson 'Petão' Lopes, Wellington Costa Ricardo, Wemerson Gonçalves, Wendel Barros, Yuri Krushewsky, Anderson Faria, Arlindo Lopes, Carol Meirelles, Carlos 'Lencinho' Smith, Christiano, Diego Mendes, Jéssica da Silva, Luciana Roque, Marina Mandonça Pinheiro, Michele Gonçalves, Pierre dos Santos, Renan Monteiro, Vinicius Faria, Delano Valentim, Ed Money, Fabiano Gonçalves, Felipe Porto, Francisco Marcos, Leo Generoso, Marcelo António Santos, Marcelo Araújo, Marcos Viana, Maurício Figueiras, Ricardo Lira, Ricardo Rocha da Silva, Wagner Mello, Waldeck Roque, Júlio César Siqueira, Denise Fonseca, Adão Xalebaradã, Edward Boggiss, Guti Fraga, Babu Santana, Marcello Costa, Marcos Coutinho, João Soares, Rafael Fontenele, Rosangela Rodrigues, Jota Farias, Mary Sheila, Gil Torres, Paulo Lins, Christian Duurvoort, Olivia Araújo, Sérgio Chapelin, Jonnaton Japiassu, Manuel Machado, Tulé Peak",N/A,N/A
